Age,Gender,Interest,Course
20,Female,bookkeeping,Accountancy
30,Male,numbers,Accountancy
30,Female,forensics,Criminology
23,Female,lesson planning,Education
20,Male,forensics,Criminology
20,Female,law enforcement,Criminology
16,Female,child education,Education
16,Female,business,Financial Management
25,Male,business,Financial Management
23,Male,debate,Political Science
28,Female,forensics,Criminology
20,Female,philosophy,Political Science
23,Female,debate,Political Science
23,Male,bookkeeping,Accountancy
19,Male,forensics,Criminology
29,Male,tech,BSIT
17,Male,investment,Financial Management
30,Male,data science,BSIT
28,Female,forensics,Criminology
30,Male,child education,Education
17,Male,volunteering,Social Work
26,Female,investment,Financial Management
30,Female,history,Political Science
27,Male,bookkeeping,Accountancy
16,Male,business,Financial Management
23,Male,psychology,Social Work
21,Male,community service,Social Work
24,Female,training,Human Resource Management
26,Female,community service,Social Work
25,Female,public speaking,Human Resource Management
23,Male,accounting,Accountancy
17,Female,conflict resolution,Human Resource Management
25,Female,tech,BSIT
24,Female,philosophy,Political Science
21,Female,volunteering,Social Work
17,Female,bookkeeping,Accountancy
18,Male,recruitment,Human Resource Management
25,Female,training,Human Resource Management
29,Male,philosophy,Political Science
30,Male,data science,BSIT
19,Male,conflict resolution,Human Resource Management
21,Male,gaming,BSIT
26,Male,community service,Social Work
20,Male,data science,BSIT
21,Female,law enforcement,Criminology
27,Male,psychology,Social Work
19,Male,community service,Social Work
30,Female,conflict resolution,Human Resource Management
17,Male,training,Human Resource Management
18,Female,networking,BSIT
26,Male,cybersecurity,BSIT
18,Female,volunteering,Social Work
16,Male,lesson planning,Education
28,Male,tech,BSIT
19,Male,data science,BSIT
30,Male,numbers,Accountancy
24,Male,forensics,Criminology
21,Male,community service,Social Work
20,Male,networking,BSIT
26,Female,conflict resolution,Human Resource Management
20,Male,forensics,Criminology
24,Male,child education,Education
27,Male,psychology,Social Work
17,Female,lesson planning,Education
25,Female,volunteering,Social Work
27,Female,public speaking,Human Resource Management
26,Female,debate,Political Science
21,Female,politics,Political Science
25,Male,psychology,Social Work
28,Male,recruitment,Human Resource Management
22,Male,gaming,BSIT
22,Female,accounting,Accountancy
20,Female,training,Human Resource Management
22,Male,accounting,Accountancy
24,Male,debate,Political Science
21,Male,investigation,Criminology
22,Male,tech,BSIT
16,Female,finance,Financial Management
18,Female,cybersecurity,BSIT
19,Male,philosophy,Political Science
20,Female,coding,BSIT
24,Male,data science,BSIT
17,Female,coding,BSIT
23,Female,bookkeeping,Accountancy
30,Female,politics,Political Science
18,Female,networking,BSIT
28,Female,psychology,Social Work
25,Male,finance,Financial Management
17,Female,finance,Financial Management
24,Male,cybersecurity,BSIT
26,Male,investigation,Criminology
18,Male,conflict resolution,Human Resource Management
18,Female,forensics,Criminology
18,Male,training,Human Resource Management
27,Female,networking,BSIT
24,Male,law enforcement,Criminology
23,Male,accounting,Accountancy
26,Female,investment,Financial Management
27,Male,lesson planning,Education
21,Male,history,Political Science
18,Female,networking,BSIT
28,Male,child education,Education
25,Female,conflict resolution,Human Resource Management
27,Female,gaming,BSIT
20,Female,law enforcement,Criminology
27,Female,numbers,Accountancy
28,Female,child education,Education
28,Female,data science,BSIT
20,Female,training,Human Resource Management
27,Male,community service,Social Work
28,Female,psychology,Social Work
29,Female,data science,BSIT
26,Female,accounting,Accountancy
29,Female,lesson planning,Education
18,Female,business,Financial Management
29,Male,teaching,Education
22,Male,lesson planning,Education
26,Female,networking,BSIT
16,Female,community service,Social Work
16,Male,philosophy,Political Science
28,Female,gaming,BSIT
25,Male,recruitment,Human Resource Management
19,Male,law enforcement,Criminology
29,Male,tech,BSIT
26,Female,teaching,Education
30,Male,gaming,BSIT
16,Female,lesson planning,Education
28,Male,investigation,Criminology
16,Male,data science,BSIT
17,Female,bookkeeping,Accountancy
28,Female,history,Political Science
30,Male,community service,Social Work
26,Male,philosophy,Political Science
18,Female,community service,Social Work
29,Male,investment,Financial Management
30,Male,accounting,Accountancy
22,Female,forensics,Criminology
25,Male,accounting,Accountancy
28,Female,history,Political Science
23,Female,training,Human Resource Management
22,Female,bookkeeping,Accountancy
23,Male,networking,BSIT
20,Male,child education,Education
28,Male,tech,BSIT
30,Male,child education,Education
20,Male,child education,Education
19,Female,investigation,Criminology
28,Male,teaching,Education
26,Female,gaming,BSIT
20,Female,social issues,Social Work
29,Male,investigation,Criminology
30,Female,philosophy,Political Science
21,Male,public speaking,Human Resource Management
20,Female,data science,BSIT
24,Female,gaming,BSIT
25,Male,lesson planning,Education
19,Male,volunteering,Social Work
17,Male,investment,Financial Management
30,Male,history,Political Science
30,Female,debate,Political Science
30,Female,lesson planning,Education
27,Female,psychology,Social Work
18,Female,investment,Financial Management
20,Male,debate,Political Science
29,Male,accounting,Accountancy
16,Male,finance,Financial Management
23,Female,politics,Political Science
24,Female,law enforcement,Criminology
24,Male,tech,BSIT
25,Female,bookkeeping,Accountancy
29,Male,conflict resolution,Human Resource Management
30,Female,bookkeeping,Accountancy
19,Female,lesson planning,Education
20,Female,law enforcement,Criminology
21,Male,social issues,Social Work
30,Female,conflict resolution,Human Resource Management
19,Male,coding,BSIT
21,Female,recruitment,Human Resource Management
19,Female,law enforcement,Criminology
17,Male,investment,Financial Management
30,Female,data science,BSIT
17,Female,bookkeeping,Accountancy
22,Female,philosophy,Political Science
22,Male,numbers,Accountancy
22,Male,teaching,Education
26,Male,gaming,BSIT
28,Male,investment,Financial Management
19,Female,investment,Financial Management
21,Male,child education,Education
25,Male,finance,Financial Management
26,Male,lesson planning,Education
25,Female,coding,BSIT
17,Male,volunteering,Social Work
16,Female,bookkeeping,Accountancy
29,Female,conflict resolution,Human Resource Management
22,Male,recruitment,Human Resource Management
27,Male,numbers,Accountancy
23,Female,business,Financial Management
24,Male,politics,Political Science
30,Male,investigation,Criminology
23,Female,debate,Political Science
23,Male,networking,BSIT
23,Female,history,Political Science
18,Male,gaming,BSIT
22,Male,training,Human Resource Management
28,Female,teaching,Education
20,Male,debate,Political Science
19,Female,bookkeeping,Accountancy
26,Female,debate,Political Science
19,Female,philosophy,Political Science
27,Male,recruitment,Human Resource Management
23,Male,networking,BSIT
16,Male,child education,Education
20,Male,social issues,Social Work
19,Female,public speaking,Human Resource Management
30,Female,psychology,Social Work
18,Male,finance,Financial Management
26,Female,business,Financial Management
20,Female,debate,Political Science
24,Male,gaming,BSIT
21,Female,accounting,Accountancy
22,Female,public speaking,Human Resource Management
29,Male,conflict resolution,Human Resource Management
18,Female,community service,Social Work
18,Female,investigation,Criminology
25,Female,teaching,Education
23,Female,networking,BSIT
16,Female,numbers,Accountancy
26,Female,lesson planning,Education
29,Female,community service,Social Work
18,Female,tech,BSIT
26,Male,psychology,Social Work
30,Female,bookkeeping,Accountancy
27,Female,psychology,Social Work
19,Female,coding,BSIT
18,Female,numbers,Accountancy
20,Female,history,Political Science
18,Male,community service,Social Work
23,Male,social issues,Social Work
23,Female,lesson planning,Education
25,Female,cybersecurity,BSIT
30,Male,cybersecurity,BSIT
16,Male,business,Financial Management
17,Female,coding,BSIT
28,Male,teaching,Education
25,Male,numbers,Accountancy
27,Female,public speaking,Human Resource Management
26,Female,forensics,Criminology
19,Female,cybersecurity,BSIT
26,Male,gaming,BSIT
27,Male,coding,BSIT
27,Female,child education,Education
20,Male,history,Political Science
22,Female,recruitment,Human Resource Management
17,Male,debate,Political Science
24,Female,gaming,BSIT
23,Male,training,Human Resource Management
25,Female,training,Human Resource Management
16,Male,public speaking,Human Resource Management
26,Female,training,Human Resource Management
20,Male,lesson planning,Education
28,Female,history,Political Science
29,Female,tech,BSIT
22,Female,business,Financial Management
27,Male,forensics,Criminology
28,Male,community service,Social Work
23,Female,history,Political Science
27,Male,teaching,Education
30,Female,coding,BSIT
19,Female,lesson planning,Education
24,Female,public speaking,Human Resource Management
28,Female,forensics,Criminology
25,Male,law enforcement,Criminology
23,Female,bookkeeping,Accountancy
29,Female,psychology,Social Work
18,Female,social issues,Social Work
30,Male,forensics,Criminology
24,Male,conflict resolution,Human Resource Management
21,Male,child education,Education
18,Female,lesson planning,Education
23,Male,cybersecurity,BSIT
29,Male,debate,Political Science
30,Male,accounting,Accountancy
27,Male,numbers,Accountancy
21,Female,volunteering,Social Work
27,Female,numbers,Accountancy
23,Female,politics,Political Science
22,Male,training,Human Resource Management
29,Male,social issues,Social Work
21,Female,training,Human Resource Management
21,Female,investment,Financial Management
18,Female,finance,Financial Management
21,Female,debate,Political Science
18,Female,gaming,BSIT
19,Female,teaching,Education
24,Male,cybersecurity,BSIT
26,Male,cybersecurity,BSIT
16,Male,business,Financial Management
22,Male,psychology,Social Work
20,Female,child education,Education
16,Female,investigation,Criminology
19,Female,investment,Financial Management
29,Male,teaching,Education
25,Male,child education,Education
25,Female,forensics,Criminology
23,Female,public speaking,Human Resource Management
17,Female,social issues,Social Work
25,Male,social issues,Social Work
23,Male,finance,Financial Management
26,Male,bookkeeping,Accountancy
26,Female,cybersecurity,BSIT
24,Female,training,Human Resource Management
16,Female,tech,BSIT
23,Female,community service,Social Work
20,Male,child education,Education
24,Male,tech,BSIT
27,Female,forensics,Criminology
24,Female,training,Human Resource Management
26,Female,business,Financial Management
17,Male,social issues,Social Work
26,Female,cybersecurity,BSIT
27,Female,law enforcement,Criminology
25,Male,numbers,Accountancy
19,Male,tech,BSIT
17,Female,business,Financial Management
28,Female,investment,Financial Management
24,Male,investigation,Criminology
17,Male,numbers,Accountancy
27,Male,coding,BSIT
20,Male,conflict resolution,Human Resource Management
19,Male,law enforcement,Criminology
23,Female,law enforcement,Criminology
28,Male,law enforcement,Criminology
30,Female,philosophy,Political Science
21,Male,tech,BSIT
23,Male,lesson planning,Education
16,Female,volunteering,Social Work
18,Female,cybersecurity,BSIT
17,Male,investment,Financial Management
19,Male,forensics,Criminology
16,Female,tech,BSIT
20,Female,debate,Political Science
23,Male,tech,BSIT
29,Female,tech,BSIT
25,Female,business,Financial Management
29,Female,gaming,BSIT
20,Male,business,Financial Management
22,Female,debate,Political Science
30,Female,history,Political Science
22,Male,public speaking,Human Resource Management
21,Male,debate,Political Science
16,Female,networking,BSIT
30,Female,lesson planning,Education
16,Male,history,Political Science
16,Male,child education,Education
26,Female,volunteering,Social Work
23,Female,bookkeeping,Accountancy
17,Male,numbers,Accountancy
23,Female,business,Financial Management
28,Male,history,Political Science
21,Male,gaming,BSIT
21,Male,accounting,Accountancy
18,Male,volunteering,Social Work
25,Female,cybersecurity,BSIT
22,Male,child education,Education
19,Male,investigation,Criminology
27,Male,philosophy,Political Science
26,Female,history,Political Science
16,Female,gaming,BSIT
26,Female,investment,Financial Management
17,Female,business,Financial Management
24,Female,lesson planning,Education
30,Male,forensics,Criminology
28,Female,coding,BSIT
22,Female,law enforcement,Criminology
29,Female,tech,BSIT
20,Male,public speaking,Human Resource Management
16,Male,social issues,Social Work
28,Male,recruitment,Human Resource Management
16,Male,finance,Financial Management
29,Female,law enforcement,Criminology
26,Male,psychology,Social Work
21,Female,teaching,Education
18,Male,volunteering,Social Work
28,Male,recruitment,Human Resource Management
25,Male,training,Human Resource Management
29,Male,finance,Financial Management
28,Female,recruitment,Human Resource Management
22,Female,forensics,Criminology
18,Female,cybersecurity,BSIT
21,Female,forensics,Criminology
27,Female,accounting,Accountancy
18,Male,forensics,Criminology
27,Male,finance,Financial Management
18,Female,gaming,BSIT
25,Male,investigation,Criminology
21,Female,business,Financial Management
24,Female,forensics,Criminology
28,Female,psychology,Social Work
18,Female,volunteering,Social Work
23,Female,networking,BSIT
27,Male,public speaking,Human Resource Management
20,Female,child education,Education
26,Female,teaching,Education
26,Female,social issues,Social Work
27,Female,politics,Political Science
26,Female,training,Human Resource Management
24,Female,bookkeeping,Accountancy
25,Male,gaming,BSIT
30,Male,training,Human Resource Management
26,Female,politics,Political Science
25,Female,teaching,Education
27,Male,lesson planning,Education
23,Female,debate,Political Science
27,Female,investment,Financial Management
24,Female,training,Human Resource Management
16,Male,volunteering,Social Work
30,Female,bookkeeping,Accountancy
18,Male,gaming,BSIT
20,Male,finance,Financial Management
19,Male,child education,Education
23,Female,investment,Financial Management
25,Male,psychology,Social Work
18,Female,bookkeeping,Accountancy
21,Female,public speaking,Human Resource Management
17,Female,bookkeeping,Accountancy
24,Male,tech,BSIT
30,Female,volunteering,Social Work
29,Male,social issues,Social Work
27,Female,tech,BSIT
16,Male,politics,Political Science
21,Female,networking,BSIT
30,Female,accounting,Accountancy
27,Male,gaming,BSIT
16,Female,debate,Political Science
30,Female,investment,Financial Management
28,Female,coding,BSIT
28,Male,politics,Political Science
16,Female,law enforcement,Criminology
30,Male,coding,BSIT
25,Female,volunteering,Social Work
29,Female,law enforcement,Criminology
25,Male,teaching,Education
26,Male,law enforcement,Criminology
28,Male,recruitment,Human Resource Management
22,Female,volunteering,Social Work
27,Female,recruitment,Human Resource Management
16,Female,tech,BSIT
17,Female,philosophy,Political Science
24,Female,teaching,Education
30,Male,child education,Education
30,Male,social issues,Social Work
24,Female,numbers,Accountancy
19,Female,bookkeeping,Accountancy
16,Male,politics,Political Science
29,Female,investment,Financial Management
27,Female,social issues,Social Work
23,Male,child education,Education
29,Male,history,Political Science
24,Male,business,Financial Management
18,Male,coding,BSIT
24,Male,networking,BSIT
26,Female,networking,BSIT
24,Male,teaching,Education
21,Female,gaming,BSIT
24,Female,child education,Education
29,Female,numbers,Accountancy
16,Female,politics,Political Science
20,Female,finance,Financial Management
20,Female,forensics,Criminology
18,Female,coding,BSIT
24,Male,finance,Financial Management
21,Male,child education,Education
27,Male,lesson planning,Education
25,Female,teaching,Education
30,Male,community service,Social Work
18,Male,social issues,Social Work
25,Male,forensics,Criminology
22,Male,training,Human Resource Management
26,Female,volunteering,Social Work
16,Male,politics,Political Science
26,Male,investigation,Criminology
19,Female,volunteering,Social Work
22,Female,public speaking,Human Resource Management
30,Male,psychology,Social Work
28,Male,investment,Financial Management
23,Male,public speaking,Human Resource Management
29,Female,gaming,BSIT
25,Male,tech,BSIT
24,Female,bookkeeping,Accountancy
18,Female,forensics,Criminology
21,Male,cybersecurity,BSIT
26,Female,business,Financial Management
25,Male,public speaking,Human Resource Management
20,Male,recruitment,Human Resource Management
26,Female,bookkeeping,Accountancy
18,Male,networking,BSIT
20,Female,forensics,Criminology
16,Female,investigation,Criminology
25,Male,politics,Political Science
19,Female,lesson planning,Education
22,Female,coding,BSIT
24,Male,law enforcement,Criminology
19,Male,coding,BSIT
28,Female,politics,Political Science
30,Male,lesson planning,Education
25,Female,forensics,Criminology
17,Female,tech,BSIT
18,Female,investment,Financial Management
23,Female,politics,Political Science
16,Male,law enforcement,Criminology
25,Male,public speaking,Human Resource Management
22,Female,recruitment,Human Resource Management
16,Female,recruitment,Human Resource Management
28,Female,investment,Financial Management
21,Female,cybersecurity,BSIT
25,Female,investment,Financial Management
28,Male,history,Political Science
28,Male,public speaking,Human Resource Management
30,Male,politics,Political Science
25,Female,recruitment,Human Resource Management
17,Female,finance,Financial Management
19,Female,community service,Social Work
17,Male,training,Human Resource Management
17,Male,gaming,BSIT
30,Female,networking,BSIT
25,Male,teaching,Education
16,Female,community service,Social Work
27,Female,conflict resolution,Human Resource Management
17,Female,bookkeeping,Accountancy
24,Male,tech,BSIT
20,Female,bookkeeping,Accountancy
19,Female,law enforcement,Criminology
29,Female,volunteering,Social Work
20,Male,community service,Social Work
19,Female,accounting,Accountancy
25,Male,accounting,Accountancy
16,Male,forensics,Criminology
25,Male,community service,Social Work
22,Female,child education,Education
29,Male,finance,Financial Management
17,Female,investigation,Criminology
23,Male,politics,Political Science
26,Male,cybersecurity,BSIT
28,Male,teaching,Education
20,Female,investment,Financial Management
25,Female,tech,BSIT
18,Female,numbers,Accountancy
26,Male,gaming,BSIT
24,Female,business,Financial Management
29,Male,politics,Political Science
20,Male,philosophy,Political Science
19,Male,psychology,Social Work
21,Female,psychology,Social Work
19,Male,bookkeeping,Accountancy
23,Female,gaming,BSIT
26,Male,coding,BSIT
20,Female,coding,BSIT
16,Male,recruitment,Human Resource Management
25,Male,public speaking,Human Resource Management
27,Female,tech,BSIT
21,Male,law enforcement,Criminology
20,Male,coding,BSIT
19,Male,debate,Political Science
17,Male,philosophy,Political Science
22,Male,networking,BSIT
21,Female,politics,Political Science
16,Male,investment,Financial Management
26,Male,tech,BSIT
20,Female,networking,BSIT
25,Female,forensics,Criminology
22,Female,bookkeeping,Accountancy
22,Female,recruitment,Human Resource Management
25,Male,cybersecurity,BSIT
30,Male,community service,Social Work
23,Female,politics,Political Science
23,Male,psychology,Social Work
19,Male,law enforcement,Criminology
26,Female,debate,Political Science
19,Male,philosophy,Political Science
22,Male,psychology,Social Work
24,Female,philosophy,Political Science
20,Male,lesson planning,Education
27,Male,training,Human Resource Management
23,Male,recruitment,Human Resource Management
28,Male,politics,Political Science
29,Female,finance,Financial Management
18,Male,volunteering,Social Work
18,Male,law enforcement,Criminology
26,Male,philosophy,Political Science
22,Male,law enforcement,Criminology
30,Female,law enforcement,Criminology
19,Female,child education,Education
20,Male,child education,Education
22,Male,psychology,Social Work
24,Female,history,Political Science
19,Male,recruitment,Human Resource Management
17,Female,child education,Education
29,Female,psychology,Social Work
25,Male,volunteering,Social Work
17,Female,finance,Financial Management
26,Male,coding,BSIT
24,Female,finance,Financial Management
29,Male,cybersecurity,BSIT
30,Male,law enforcement,Criminology
21,Male,philosophy,Political Science
19,Male,lesson planning,Education
18,Female,accounting,Accountancy
17,Male,cybersecurity,BSIT
24,Female,debate,Political Science
18,Male,social issues,Social Work
18,Male,teaching,Education
21,Male,investigation,Criminology
25,Female,psychology,Social Work
19,Female,law enforcement,Criminology
21,Male,social issues,Social Work
20,Female,psychology,Social Work
23,Male,bookkeeping,Accountancy
20,Male,training,Human Resource Management
23,Female,conflict resolution,Human Resource Management
29,Female,debate,Political Science
28,Male,tech,BSIT
26,Female,community service,Social Work
16,Male,cybersecurity,BSIT
26,Male,teaching,Education
27,Female,law enforcement,Criminology
23,Female,public speaking,Human Resource Management
24,Female,history,Political Science
25,Male,finance,Financial Management
22,Female,numbers,Accountancy
26,Female,coding,BSIT
16,Female,cybersecurity,BSIT
29,Female,public speaking,Human Resource Management
30,Female,bookkeeping,Accountancy
26,Female,politics,Political Science
16,Male,recruitment,Human Resource Management
30,Female,child education,Education
16,Male,law enforcement,Criminology
18,Female,lesson planning,Education
28,Male,business,Financial Management
18,Male,networking,BSIT
25,Female,recruitment,Human Resource Management
20,Female,coding,BSIT
25,Male,finance,Financial Management
23,Male,child education,Education
17,Female,history,Political Science
24,Male,investment,Financial Management
27,Female,child education,Education
29,Female,bookkeeping,Accountancy
24,Female,cybersecurity,BSIT
21,Male,accounting,Accountancy
16,Male,psychology,Social Work
26,Male,forensics,Criminology
21,Female,recruitment,Human Resource Management
23,Male,politics,Political Science
29,Male,philosophy,Political Science
18,Male,numbers,Accountancy
27,Female,volunteering,Social Work
26,Female,numbers,Accountancy
25,Female,investment,Financial Management
28,Female,lesson planning,Education
28,Female,forensics,Criminology
20,Male,public speaking,Human Resource Management
24,Female,psychology,Social Work
28,Male,community service,Social Work
25,Female,community service,Social Work
17,Male,business,Financial Management
29,Female,coding,BSIT
30,Female,child education,Education
29,Female,finance,Financial Management
29,Male,social issues,Social Work
24,Male,conflict resolution,Human Resource Management
23,Male,politics,Political Science
19,Male,forensics,Criminology
17,Female,business,Financial Management
19,Female,cybersecurity,BSIT
25,Male,business,Financial Management
26,Male,teaching,Education
22,Male,social issues,Social Work
26,Female,public speaking,Human Resource Management
23,Female,numbers,Accountancy
27,Female,investment,Financial Management
25,Male,volunteering,Social Work
18,Female,child education,Education
18,Female,public speaking,Human Resource Management
19,Female,investigation,Criminology
25,Male,coding,BSIT
19,Male,bookkeeping,Accountancy
25,Male,conflict resolution,Human Resource Management
26,Female,community service,Social Work
21,Female,training,Human Resource Management
25,Female,law enforcement,Criminology
29,Male,child education,Education
19,Female,recruitment,Human Resource Management
24,Female,coding,BSIT
16,Male,law enforcement,Criminology
29,Female,social issues,Social Work
17,Female,volunteering,Social Work
27,Female,accounting,Accountancy
20,Female,accounting,Accountancy
21,Female,law enforcement,Criminology
24,Female,social issues,Social Work
23,Male,investigation,Criminology
25,Female,lesson planning,Education
29,Male,cybersecurity,BSIT
17,Female,law enforcement,Criminology
25,Male,networking,BSIT
28,Female,bookkeeping,Accountancy
22,Male,coding,BSIT
18,Male,bookkeeping,Accountancy
19,Male,networking,BSIT
23,Female,business,Financial Management
24,Male,training,Human Resource Management
20,Male,history,Political Science
16,Female,debate,Political Science
19,Female,psychology,Social Work
17,Female,recruitment,Human Resource Management
27,Male,coding,BSIT
20,Female,gaming,BSIT
24,Female,networking,BSIT
19,Female,gaming,BSIT
19,Female,accounting,Accountancy
16,Male,networking,BSIT
16,Female,business,Financial Management
17,Male,teaching,Education
29,Male,forensics,Criminology
16,Female,numbers,Accountancy
27,Female,gaming,BSIT
30,Female,history,Political Science
30,Male,forensics,Criminology
23,Male,history,Political Science
24,Female,debate,Political Science
25,Female,training,Human Resource Management
26,Female,forensics,Criminology
22,Female,social issues,Social Work
26,Male,bookkeeping,Accountancy
26,Male,recruitment,Human Resource Management
21,Male,psychology,Social Work
20,Male,business,Financial Management
20,Male,public speaking,Human Resource Management
27,Female,networking,BSIT
21,Male,politics,Political Science
28,Female,tech,BSIT
23,Male,numbers,Accountancy
25,Male,networking,BSIT
20,Female,networking,BSIT
16,Male,history,Political Science
16,Female,history,Political Science
22,Female,psychology,Social Work
28,Male,networking,BSIT
26,Male,public speaking,Human Resource Management
29,Female,teaching,Education
24,Female,law enforcement,Criminology
22,Male,public speaking,Human Resource Management
25,Female,recruitment,Human Resource Management
26,Male,bookkeeping,Accountancy
29,Female,investment,Financial Management
30,Male,psychology,Social Work
19,Female,politics,Political Science
24,Female,numbers,Accountancy
17,Male,business,Financial Management
18,Male,investment,Financial Management
24,Male,lesson planning,Education
18,Male,community service,Social Work
18,Female,conflict resolution,Human Resource Management
25,Female,coding,BSIT
26,Male,conflict resolution,Human Resource Management
16,Male,recruitment,Human Resource Management
28,Male,finance,Financial Management
25,Male,business,Financial Management
30,Male,bookkeeping,Accountancy
18,Female,gaming,BSIT
28,Male,psychology,Social Work
29,Male,history,Political Science
22,Female,conflict resolution,Human Resource Management
27,Male,gaming,BSIT
16,Male,finance,Financial Management
17,Male,social issues,Social Work
16,Male,child education,Education
26,Male,social issues,Social Work
23,Male,investment,Financial Management
25,Male,philosophy,Political Science
17,Female,volunteering,Social Work
24,Female,bookkeeping,Accountancy
26,Female,philosophy,Political Science
26,Male,numbers,Accountancy
19,Male,teaching,Education
16,Male,child education,Education
19,Female,cybersecurity,BSIT
26,Male,investment,Financial Management
30,Female,tech,BSIT
28,Male,investigation,Criminology
29,Male,volunteering,Social Work
19,Female,business,Financial Management
20,Female,networking,BSIT
23,Male,politics,Political Science
24,Female,history,Political Science
21,Male,cybersecurity,BSIT
25,Male,public speaking,Human Resource Management
28,Male,business,Financial Management
25,Female,numbers,Accountancy
30,Female,child education,Education
26,Male,investment,Financial Management
18,Female,bookkeeping,Accountancy
24,Female,finance,Financial Management
18,Male,conflict resolution,Human Resource Management
22,Male,community service,Social Work
19,Female,coding,BSIT
26,Male,investment,Financial Management
24,Female,debate,Political Science
30,Male,cybersecurity,BSIT
21,Female,lesson planning,Education
19,Female,investment,Financial Management
24,Male,forensics,Criminology
24,Male,debate,Political Science
24,Male,psychology,Social Work
17,Male,tech,BSIT
22,Male,teaching,Education
23,Female,tech,BSIT
18,Female,recruitment,Human Resource Management
18,Male,history,Political Science
25,Female,investigation,Criminology
26,Female,tech,BSIT
19,Female,conflict resolution,Human Resource Management
20,Female,child education,Education
17,Female,training,Human Resource Management
26,Female,lesson planning,Education
19,Male,training,Human Resource Management
27,Male,child education,Education
16,Female,debate,Political Science
19,Female,debate,Political Science
22,Male,finance,Financial Management
23,Female,forensics,Criminology
28,Female,coding,BSIT
29,Female,child education,Education
19,Female,social issues,Social Work
24,Male,accounting,Accountancy
19,Female,politics,Political Science
16,Female,politics,Political Science
21,Male,law enforcement,Criminology
19,Male,child education,Education
23,Male,teaching,Education
28,Female,teaching,Education
21,Female,training,Human Resource Management
20,Male,numbers,Accountancy
29,Female,conflict resolution,Human Resource Management
16,Male,politics,Political Science
21,Male,conflict resolution,Human Resource Management
16,Male,gaming,BSIT
25,Female,tech,BSIT
30,Female,accounting,Accountancy
26,Male,training,Human Resource Management
29,Female,community service,Social Work
17,Female,recruitment,Human Resource Management
28,Female,debate,Political Science
17,Female,forensics,Criminology
29,Female,debate,Political Science
16,Male,conflict resolution,Human Resource Management
24,Male,forensics,Criminology
22,Male,training,Human Resource Management
30,Male,tech,BSIT
22,Male,numbers,Accountancy
20,Female,lesson planning,Education
29,Male,networking,BSIT
23,Female,conflict resolution,Human Resource Management
27,Female,community service,Social Work
19,Male,business,Financial Management
27,Female,recruitment,Human Resource Management
25,Female,social issues,Social Work
20,Male,debate,Political Science
27,Female,conflict resolution,Human Resource Management
30,Male,training,Human Resource Management
21,Male,politics,Political Science
30,Male,investment,Financial Management
29,Female,finance,Financial Management
23,Female,politics,Political Science
24,Female,psychology,Social Work
22,Male,accounting,Accountancy
20,Male,law enforcement,Criminology
18,Male,forensics,Criminology
21,Male,coding,BSIT
18,Female,child education,Education
28,Male,social issues,Social Work
25,Female,investment,Financial Management
21,Female,conflict resolution,Human Resource Management
23,Male,bookkeeping,Accountancy
22,Female,recruitment,Human Resource Management
17,Female,volunteering,Social Work
19,Male,politics,Political Science
21,Male,child education,Education
28,Female,networking,BSIT
16,Male,psychology,Social Work
28,Female,networking,BSIT
18,Female,coding,BSIT
18,Male,philosophy,Political Science
19,Female,finance,Financial Management
27,Female,coding,BSIT
21,Female,community service,Social Work
20,Female,volunteering,Social Work
19,Male,politics,Political Science
26,Male,gaming,BSIT
17,Male,lesson planning,Education
23,Female,cybersecurity,BSIT
30,Female,public speaking,Human Resource Management
27,Female,debate,Political Science
16,Male,community service,Social Work
17,Male,psychology,Social Work
28,Male,finance,Financial Management
16,Female,social issues,Social Work
28,Female,tech,BSIT
28,Male,teaching,Education
16,Male,business,Financial Management
19,Female,accounting,Accountancy
26,Male,community service,Social Work
28,Male,training,Human Resource Management
22,Female,accounting,Accountancy
19,Female,community service,Social Work
30,Male,accounting,Accountancy
28,Female,tech,BSIT
28,Male,tech,BSIT
26,Female,networking,BSIT
21,Female,training,Human Resource Management
20,Male,social issues,Social Work
27,Female,teaching,Education
22,Male,coding,BSIT
27,Female,coding,BSIT
17,Female,training,Human Resource Management
30,Male,child education,Education
21,Female,finance,Financial Management
27,Male,community service,Social Work
21,Male,cybersecurity,BSIT
30,Female,community service,Social Work
17,Male,gaming,BSIT
21,Male,tech,BSIT
25,Female,numbers,Accountancy
17,Male,gaming,BSIT
16,Female,conflict resolution,Human Resource Management
29,Male,community service,Social Work
18,Female,gaming,BSIT
27,Female,lesson planning,Education
30,Male,public speaking,Human Resource Management
18,Male,debate,Political Science
19,Female,politics,Political Science
22,Female,coding,BSIT
25,Female,bookkeeping,Accountancy
22,Female,philosophy,Political Science
24,Male,training,Human Resource Management
22,Male,bookkeeping,Accountancy
25,Female,business,Financial Management
25,Male,debate,Political Science
16,Female,conflict resolution,Human Resource Management
30,Male,history,Political Science
17,Male,investment,Financial Management
19,Female,accounting,Accountancy
23,Male,gaming,BSIT
18,Male,finance,Financial Management
20,Male,finance,Financial Management
16,Male,investigation,Criminology
25,Female,volunteering,Social Work
18,Female,lesson planning,Education
26,Male,forensics,Criminology
21,Female,volunteering,Social Work
28,Female,accounting,Accountancy
17,Female,training,Human Resource Management
23,Female,cybersecurity,BSIT
21,Male,history,Political Science
27,Female,history,Political Science
26,Female,networking,BSIT
16,Male,history,Political Science
29,Male,teaching,Education
16,Male,politics,Political Science
19,Male,law enforcement,Criminology
21,Female,tech,BSIT
19,Female,social issues,Social Work
29,Male,coding,BSIT
18,Male,community service,Social Work
21,Female,accounting,Accountancy
22,Male,politics,Political Science
24,Female,coding,BSIT
20,Male,conflict resolution,Human Resource Management
30,Female,public speaking,Human Resource Management
16,Male,law enforcement,Criminology
26,Male,child education,Education
22,Female,forensics,Criminology
18,Female,psychology,Social Work
19,Male,accounting,Accountancy
28,Male,history,Political Science
24,Female,finance,Financial Management
24,Female,recruitment,Human Resource Management
18,Male,social issues,Social Work
20,Female,finance,Financial Management
19,Female,politics,Political Science
23,Male,philosophy,Political Science
29,Male,recruitment,Human Resource Management
27,Male,volunteering,Social Work
19,Female,networking,BSIT
18,Female,psychology,Social Work
27,Female,child education,Education
23,Male,public speaking,Human Resource Management
29,Male,networking,BSIT
